tick_number,sensor_x,sensor_y
0,34.285714285714285,34.285714285714285
1,34.285714285714285,34.285714285714285
