tick_number,sensor_x,sensor_y
12,34.285714285714285,17.714285714285715
13,34.285714285714285,17.714285714285715
