tick_number,sensor_x,sensor_y
4,5.636363636363637,5.636363636363637
5,5.636363636363637,5.636363636363637
6,5.636363636363637,5.636363636363637
7,5.636363636363637,5.636363636363637
8,5.636363636363637,5.636363636363637
9,5.636363636363637,5.636363636363637
10,5.636363636363637,5.636363636363637
