tick_number,sensor_x,sensor_y
29,17.714285714285715,34.285714285714285
30,17.714285714285715,34.285714285714285
31,17.714285714285715,34.285714285714285
