tick_number,sensor_x,sensor_y
0,16.363636363636363,16.363636363636363
1,16.363636363636363,16.363636363636363
2,16.363636363636363,16.363636363636363
