tick_number,sensor_x,sensor_y
1,34.285714285714285,17.714285714285715
