tick_number,sensor_x,sensor_y
0,17.714285714285715,34.285714285714285
1,17.714285714285715,34.285714285714285
