tick_number,sensor_x,sensor_y
0,17.714285714285715,17.714285714285715
1,17.714285714285715,17.714285714285715
