tick_number,sensor_x,sensor_y
0,5.636363636363637,5.636363636363637
1,5.636363636363637,5.636363636363637
2,5.636363636363637,5.636363636363637
